,TIME,COUNT_NEWS,trade_index,fiscal_index,monetary_index
0,01/02/2016,1,0,0,0
1,01/02/2019,5,0,0,0
2,01/02/2020,1,0,0,0
3,01/02/2021,6,12,0,0
4,01/02/2023,4,10,0,0
5,01/03/2017,3,0,0,0
6,01/03/2019,8,0,0,0
7,01/03/2020,3,2,0,0
8,01/03/2021,4,0,0,0
9,01/03/2022,4,2,0,0
10,01/03/2023,8,0,0,0
11,01/04/2014,1,0,0,0
12,01/04/2015,2,0,0,0
13,01/04/2019,3,0,0,0
14,01/04/2020,7,0,0,0
15,01/04/2021,1,12,45,0
16,01/04/2022,2,0,0,0
17,01/05/2019,1,2,0,0
18,01/05/2020,1,0,0,0
19,01/06/2015,3,18,120,36
20,01/06/2018,2,0,0,0
21,01/06/2019,2,0,0,0
22,01/06/2020,3,0,0,0
23,01/06/2021,2,0,0,0
24,01/06/2022,4,40,72,60
25,01/06/2023,8,12,0,0
26,01/07/2014,5,0,0,0
27,01/07/2015,14,0,0,0
28,01/07/2019,3,9,0,0
29,01/07/2020,4,210,100,180
30,01/07/2021,6,0,0,0
31,01/07/2022,10,16,0,0
32,01/07/2023,3,0,0,0
33,01/08/2017,2,0,0,0
34,01/08/2018,1,0,0,0
35,01/08/2019,8,0,0,0
36,01/08/2021,2,0,0,0
37,01/08/2022,5,0,0,0
38,01/08/2023,4,0,0,0
39,01/09/2017,1,0,0,0
40,01/09/2019,1,0,0,0
41,01/09/2021,7,0,10,0
42,01/10/2015,1,0,0,0
43,01/10/2017,1,0,0,0
44,01/10/2018,1,0,0,0
45,01/10/2020,3,0,0,0
46,01/10/2021,3,8,0,0
47,01/11/2017,1,0,0,0
48,01/11/2018,2,0,0,0
49,01/11/2021,3,2,0,0
50,01/11/2022,11,30,72,50
51,01/12/2014,7,40,69,30
52,01/12/2015,2,0,0,0
53,01/12/2018,2,0,0,0
54,01/12/2020,1,0,0,0
55,01/12/2021,1,0,0,0
56,01/12/2022,5,0,36,0
57,02/01/2019,2,16,40,0
58,02/01/2020,1,30,24,10
59,02/01/2021,1,0,0,0
60,02/01/2023,1,0,0,0
61,02/02/2015,1,0,0,0
62,02/02/2019,1,9,0,0
63,02/02/2020,2,92,60,25
64,02/02/2022,1,6,0,2
65,02/02/2023,5,48,30,24
66,02/03/2015,1,0,20,60
67,02/03/2017,1,0,0,0
68,02/03/2018,1,0,0,0
69,02/03/2019,1,0,0,0
70,02/03/2020,2,0,0,0
71,02/03/2022,3,32,0,0
72,02/03/2023,5,0,0,0
73,02/04/2015,3,250,96,75
74,02/04/2018,3,0,0,0
75,02/04/2019,1,4,0,0
76,02/04/2020,1,200,192,150
77,02/04/2021,1,0,0,0
78,02/04/2023,1,20,20,50
79,02/05/2018,2,0,0,0
80,02/05/2019,3,0,0,0
81,02/05/2020,2,0,0,0
82,02/06/2015,1,60,15,0
83,02/06/2016,6,0,0,0
84,02/06/2017,1,0,0,0
85,02/06/2020,5,46,48,0
86,02/06/2021,6,0,0,0
87,02/06/2022,7,0,0,0
88,02/06/2023,6,0,0,0
89,02/07/2015,3,0,0,0
90,02/07/2018,2,0,0,0
91,02/07/2019,4,0,0,0
92,02/07/2020,4,265,216,150
93,02/07/2021,7,30,0,160
94,02/07/2022,1,0,0,0
95,02/07/2023,1,20,0,0
96,02/08/2015,1,48,18,60
97,02/08/2017,5,0,0,0
98,02/08/2018,1,0,0,0
99,02/08/2019,5,0,0,0
100,02/08/2021,6,51,24,0
101,02/08/2022,2,360,180,900
102,02/08/2023,6,0,0,0
103,02/10/2014,1,0,0,0
104,02/10/2017,3,0,0,0
105,02/10/2018,1,0,0,0
106,02/10/2020,3,90,48,24
107,02/10/2021,2,8,0,0
108,02/11/2018,2,0,0,0
109,02/11/2020,3,24,0,0
110,02/11/2021,3,16,0,0
111,02/11/2022,5,0,0,0
112,02/12/2014,6,186,174,8
113,02/12/2018,1,0,0,0
114,02/12/2020,2,0,6,0
115,02/12/2021,7,8,0,0
116,02/12/2022,3,36,0,0
117,03/01/2019,3,0,45,0
118,03/01/2020,2,0,0,0
119,03/01/2021,1,0,0,0
120,03/01/2023,9,75,36,60
121,03/02/2015,1,16,6,0
122,03/02/2021,1,0,0,0
123,03/02/2023,9,0,0,0
124,03/03/2015,1,0,0,0
125,03/03/2017,3,0,0,0
126,03/03/2020,1,0,0,0
127,03/03/2021,1,0,0,0
128,03/03/2022,3,48,24,18
129,03/03/2023,5,0,0,0
130,03/04/2015,4,0,0,0
131,03/04/2017,1,0,0,0
132,03/04/2018,4,0,0,0
133,03/04/2019,1,0,0,0
134,03/04/2020,1,0,0,0
135,03/04/2021,1,0,0,0
136,03/04/2022,1,0,0,0
137,03/04/2023,3,2,2,0
138,03/05/2017,8,0,0,0
139,03/05/2018,2,0,0,0
140,03/05/2019,5,0,0,0
141,03/05/2021,1,18,64,24
142,03/05/2023,2,0,0,0
143,03/06/2014,8,0,0,0
144,03/06/2015,1,0,0,0
145,03/06/2018,2,0,0,0
146,03/06/2019,3,0,0,0
147,03/06/2020,1,0,0,0
148,03/06/2021,10,10,0,0
149,03/06/2022,1,0,0,0
150,03/07/2015,3,0,0,0
151,03/07/2017,1,0,0,0
152,03/07/2018,1,0,0,0
153,03/07/2019,3,178,0,120
154,03/07/2020,1,60,0,0
155,03/07/2021,1,0,0,0
156,03/07/2022,1,0,0,0
157,03/07/2023,5,0,0,0
158,03/08/2015,6,0,10,0
159,03/08/2016,1,0,0,0
160,03/08/2017,2,0,0,0
161,03/08/2020,1,0,0,0
162,03/08/2021,3,12,0,0
163,03/08/2023,5,96,60,100
164,03/09/2014,4,0,0,0
165,03/09/2015,11,0,0,0
166,03/09/2019,5,0,0,0
167,03/09/2020,9,100,50,0
168,03/10/2014,1,0,0,0
169,03/10/2016,1,0,0,0
170,03/10/2018,5,0,0,0
171,03/10/2020,1,27,0,0
172,03/10/2021,2,2,4,0
173,03/10/2022,4,9,0,0
174,03/11/2014,4,0,0,0
175,03/11/2016,2,0,0,0
176,03/11/2018,1,0,48,10
177,03/11/2020,4,0,0,0
178,03/11/2021,4,10,105,20
179,03/11/2022,5,0,0,0
180,03/12/2014,4,25,0,0
181,03/12/2018,3,0,0,0
182,03/12/2020,4,100,0,0
183,03/12/2021,3,6,9,9
184,03/12/2022,2,3,0,0
185,04/01/2019,2,0,0,0
186,04/01/2021,4,156,144,120
187,04/01/2022,2,6,0,0
188,04/01/2023,8,417,60,576
189,04/02/2015,1,0,0,0
190,04/02/2020,1,0,0,0
191,04/02/2021,2,0,0,0
192,04/02/2022,1,540,288,360
193,04/02/2023,1,0,0,0
194,04/03/2015,5,0,0,0
195,04/03/2019,5,0,0,0
196,04/03/2020,2,0,0,0
197,04/03/2022,5,60,84,25
198,04/04/2014,1,0,0,0
199,04/04/2015,3,300,30,60
200,04/04/2020,1,0,0,0
201,04/04/2022,2,0,0,0
202,04/04/2023,6,40,0,0
203,04/05/2015,4,12,18,12
204,04/05/2017,1,0,0,0
205,04/05/2019,1,0,0,0
206,04/05/2020,5,0,0,0
207,04/05/2021,3,0,15,20
208,04/05/2022,1,0,0,0
209,04/05/2023,7,0,20,60
210,04/06/2015,4,0,0,0
211,04/06/2018,1,0,0,0
212,04/06/2019,1,0,0,0
213,04/06/2020,3,12,0,0
214,04/06/2021,7,0,0,0
215,04/07/2014,2,3,0,0
216,04/07/2017,2,0,0,0
217,04/07/2019,4,170,113,432
218,04/07/2020,1,0,0,0
219,04/07/2022,7,128,149,44
220,04/07/2023,5,15,5,4
221,04/08/2016,1,0,0,0
222,04/08/2018,2,0,0,0
223,04/08/2020,4,8,0,0
224,04/08/2021,8,20,24,5
225,04/08/2022,3,0,0,0
226,04/08/2023,1,0,0,0
227,04/09/2015,3,0,0,0
228,04/09/2018,5,0,0,0
229,04/09/2019,6,32,0,0
230,04/09/2020,1,0,0,0
231,04/09/2021,2,0,0,0
232,04/09/2022,2,0,0,0
233,04/10/2015,1,0,0,0
234,04/10/2017,5,0,0,0
235,04/10/2021,7,0,0,0
236,04/10/2022,2,0,0,0
237,04/11/2014,6,0,0,0
238,04/11/2019,1,0,0,0
239,04/11/2020,2,0,0,0
240,04/11/2021,3,0,0,0
241,04/11/2022,3,0,0,0
242,04/12/2014,6,0,0,0
243,04/12/2018,4,0,0,0
244,04/12/2020,2,0,0,0
245,05/01/2015,2,0,0,0
246,05/01/2016,1,0,0,0
247,05/01/2019,1,0,0,0
248,05/01/2021,5,0,0,0
249,05/01/2022,10,6,20,20
250,05/01/2023,9,0,48,10
251,05/02/2015,10,0,0,0
252,05/02/2016,1,0,0,0
253,05/02/2020,1,16,0,0
254,05/02/2023,1,0,0,0
255,05/03/2015,5,46,48,0
256,05/03/2019,6,0,0,0
257,05/03/2020,1,0,0,0
258,05/03/2021,1,0,0,0
259,05/03/2023,1,0,0,0
260,05/04/2015,1,75,0,0
261,05/04/2016,6,0,0,0
262,05/04/2017,5,0,0,0
263,05/04/2019,4,0,0,0
264,05/04/2020,1,0,0,0
265,05/04/2021,1,0,0,0
266,05/04/2022,2,0,0,0
267,05/04/2023,1,18,0,0
268,05/05/2015,1,0,0,0
269,05/05/2016,2,0,0,0
270,05/05/2017,1,0,0,0
271,05/05/2020,5,0,0,0
272,05/05/2021,2,2,0,0
273,05/05/2023,9,0,0,0
274,05/06/2015,3,0,0,0
275,05/06/2019,1,0,0,0
276,05/06/2020,3,32,0,0
277,05/06/2021,3,0,0,0
278,05/06/2022,1,30,0,0
279,05/06/2023,6,0,0,0
280,05/07/2017,4,0,0,0
281,05/07/2018,1,0,0,0
282,05/07/2019,5,16,5,0
283,05/07/2021,3,0,0,0
284,05/07/2022,9,36,0,0
285,05/07/2023,2,0,0,0
286,05/08/2015,2,0,0,0
287,05/08/2018,1,0,0,0
288,05/08/2019,9,0,0,0
289,05/08/2020,2,0,0,0
290,05/08/2021,1,0,0,0
291,05/08/2022,2,0,0,0
292,05/09/2016,1,0,0,0
293,05/09/2017,2,0,0,0
294,05/09/2018,11,0,0,0
295,05/09/2019,4,0,0,0
296,05/09/2021,1,0,0,0
297,05/09/2022,4,0,0,0
298,05/09/2023,1,0,0,0
299,05/10/2015,2,0,0,0
300,05/10/2018,6,12,24,0
301,05/10/2020,4,0,0,0
302,05/10/2021,2,0,0,0
303,05/10/2022,7,60,48,120
304,05/11/2014,8,0,0,0
305,05/11/2018,4,0,0,0
306,05/11/2021,5,16,0,0
307,05/11/2022,4,40,0,0
308,05/12/2014,10,3,5,4
309,05/12/2016,1,0,0,0
310,05/12/2018,4,0,0,0
311,05/12/2020,3,0,0,0
312,05/12/2022,7,0,0,0
313,06/01/2015,5,90,120,20
314,06/01/2016,1,0,0,0
315,06/01/2020,1,0,0,0
316,06/01/2022,4,0,0,0
317,06/01/2023,7,0,12,0
318,06/02/2020,2,0,0,0
319,06/02/2023,2,0,0,0
320,06/03/2015,7,0,18,6
321,06/03/2019,4,0,0,0
322,06/03/2020,4,0,18,0
323,06/03/2023,9,0,0,0
324,06/04/2015,3,0,0,0
325,06/04/2018,1,0,0,0
326,06/04/2021,1,0,0,0
327,06/04/2022,4,16,0,0
328,06/04/2023,3,0,0,0
329,06/05/2015,1,0,0,0
330,06/05/2016,4,0,0,0
331,06/05/2019,3,0,0,0
332,06/05/2020,1,150,0,0
333,06/05/2021,3,0,0,0
334,06/05/2022,3,0,0,0
335,06/06/2016,4,0,0,0
336,06/06/2017,2,0,0,0
337,06/06/2019,2,0,0,0
338,06/06/2021,1,0,0,0
339,06/06/2022,4,48,32,0
340,06/06/2023,4,158,229,156
341,06/07/2015,2,0,0,0
342,06/07/2017,1,0,0,0
343,06/07/2018,9,0,0,0
344,06/07/2020,3,100,0,0
345,06/07/2021,3,18,0,0
346,06/07/2022,7,2,0,0
347,06/07/2023,4,0,0,0
348,06/08/2015,3,0,0,0
349,06/08/2016,1,30,0,0
350,06/08/2018,1,0,0,0
351,06/08/2019,4,0,0,0
352,06/08/2020,3,0,0,0
353,06/08/2021,5,58,0,0
354,06/09/2018,5,0,8,0
355,06/09/2019,4,0,0,0
356,06/09/2021,4,0,0,0
357,06/09/2022,2,48,0,0
358,06/09/2023,2,0,0,0
359,06/10/2018,1,0,0,0
360,06/10/2020,3,0,0,0
361,06/10/2021,2,12,0,0
362,06/10/2022,1,0,0,0
363,06/11/2014,6,56,9,6
364,06/11/2018,4,0,0,0
365,06/11/2021,1,0,0,0
366,06/11/2022,1,0,0,0
367,06/12/2018,2,0,0,0
368,06/12/2021,3,12,0,0
369,06/12/2022,3,0,0,0
370,07/01/2015,3,0,0,0
371,07/01/2019,1,0,0,0
372,07/01/2021,5,0,0,0
373,07/01/2022,8,51,33,0
374,07/01/2023,2,0,0,0
375,07/02/2020,4,0,40,0
376,07/02/2023,6,0,0,0
377,07/03/2018,2,0,0,0
378,07/03/2019,3,0,0,0
379,07/03/2023,6,9,12,9
380,07/04/2014,10,2,0,0
381,07/04/2015,4,0,0,0
382,07/04/2017,3,0,0,0
383,07/04/2019,2,0,0,0
384,07/04/2020,2,20,12,0
385,07/04/2021,2,0,0,0
386,07/04/2022,2,36,0,0
387,07/04/2023,9,0,0,0
388,07/05/2015,2,150,0,0
389,07/05/2019,2,0,0,0
390,07/05/2020,7,0,0,0
391,07/05/2021,6,0,0,0
392,07/06/2018,3,0,0,0
393,07/06/2019,3,6,0,0
394,07/06/2021,1,0,0,0
395,07/06/2022,2,0,0,0
396,07/06/2023,2,32,60,80
397,07/07/2014,4,2,0,0
398,07/07/2015,3,64,0,0
399,07/07/2019,2,0,0,0
400,07/07/2020,3,216,684,120
401,07/07/2021,6,56,0,0
402,07/07/2022,10,255,496,248
403,07/07/2023,8,0,36,0
404,07/08/2014,4,0,0,0
405,07/08/2015,2,40,48,0
406,07/08/2017,2,0,0,0
407,07/08/2019,3,0,0,0
408,07/08/2020,2,0,0,0
409,07/08/2022,1,0,0,0
410,07/08/2023,4,28,0,0
411,07/09/2018,1,0,0,0
412,07/09/2021,5,275,0,50
413,07/09/2022,2,4,6,4
414,07/10/2018,1,0,0,0
415,07/10/2020,6,0,0,0
416,07/10/2021,4,0,0,0
417,07/10/2022,6,36,60,9
418,07/11/2014,3,0,0,0
419,07/11/2018,4,0,0,0
420,07/11/2020,1,0,0,0
421,07/11/2022,8,0,0,0
422,07/12/2015,1,0,0,0
423,07/12/2018,7,12,0,0
424,07/12/2020,3,12,16,12
425,07/12/2021,7,120,48,32
426,07/12/2022,3,16,4,0
427,08/01/2015,2,0,0,0
428,08/01/2020,1,0,0,0
429,08/01/2021,3,40,0,0
430,08/02/2020,1,0,0,0
431,08/02/2021,2,0,0,0
432,08/02/2022,2,0,0,0
433,08/02/2023,5,0,0,0
434,08/03/2019,1,0,0,0
435,08/03/2021,2,18,0,0
436,08/03/2022,2,0,0,0
437,08/03/2023,2,0,0,0
438,08/04/2014,2,0,0,0
439,08/04/2015,5,8,0,0
440,08/04/2016,7,0,0,0
441,08/04/2019,5,0,0,0
442,08/04/2020,2,0,0,0
443,08/04/2021,1,0,0,0
444,08/04/2022,4,34,12,12
445,08/05/2015,4,0,0,0
446,08/05/2019,4,0,0,0
447,08/05/2020,6,0,0,0
448,08/05/2021,1,0,0,0
449,08/05/2023,6,40,0,0
450,08/06/2015,2,200,72,96
451,08/06/2018,3,120,96,80
452,08/06/2020,2,0,0,0
453,08/06/2021,2,0,0,0
454,08/06/2022,4,45,72,50
455,08/06/2023,6,116,0,0
456,08/07/2019,2,0,0,0
457,08/07/2020,3,78,0,0
458,08/07/2021,3,40,0,0
459,08/07/2022,3,300,144,216
460,08/08/2014,1,0,0,0
461,08/08/2017,1,0,0,0
462,08/08/2019,8,60,0,0
463,08/08/2021,2,0,0,0
464,08/08/2022,1,16,20,0
465,08/08/2023,2,0,0,0
466,08/09/2017,2,8,3,0
467,08/09/2018,1,0,0,0
468,08/09/2019,1,0,0,0
469,08/09/2020,1,0,0,0
470,08/09/2021,4,16,0,0
471,08/09/2022,4,0,0,0
472,08/10/2014,8,0,0,0
473,08/10/2020,1,0,0,0
474,08/10/2021,2,120,216,25
475,08/10/2022,2,0,80,27
476,08/11/2017,7,0,0,0
477,08/11/2018,2,0,0,0
478,08/11/2021,2,0,0,0
479,08/11/2022,5,86,0,46
480,08/12/2014,7,96,0,0
481,08/12/2018,1,0,0,0
482,08/12/2020,3,0,0,0
483,08/12/2021,5,72,0,0
484,08/12/2022,4,64,0,0
485,09/01/2015,1,0,0,0
486,09/01/2017,1,0,0,0
487,09/01/2019,1,0,0,0
488,09/01/2020,1,0,0,0
489,09/01/2021,1,0,0,0
490,09/01/2023,3,180,120,144
491,09/02/2015,1,48,24,0
492,09/02/2017,1,0,0,0
493,09/02/2022,2,48,30,40
494,09/02/2023,6,0,0,0
495,09/03/2015,2,0,0,0
496,09/03/2020,2,36,0,0
497,09/03/2021,1,0,0,0
498,09/03/2022,2,0,12,48
499,09/03/2023,4,0,0,0
500,09/04/2015,3,0,0,0
501,09/04/2016,1,0,0,0
502,09/04/2019,4,0,0,0
503,09/04/2020,2,15,0,0
504,09/04/2021,3,0,0,0
505,09/04/2022,1,0,0,0
506,09/05/2014,2,0,0,0
507,09/05/2016,1,0,0,0
508,09/05/2017,3,0,0,0
509,09/05/2019,6,0,12,30
510,09/05/2020,4,210,340,40
511,09/05/2022,2,0,0,0
512,09/05/2023,6,15,54,10
513,09/06/2014,1,0,0,0
514,09/06/2015,2,0,0,0
515,09/06/2016,2,0,0,0
516,09/06/2020,1,0,0,0
517,09/06/2021,3,0,0,0
518,09/06/2022,2,0,0,0
519,09/06/2023,2,40,0,0
520,09/07/2013,1,50,30,25
521,09/07/2014,1,0,0,0
522,09/07/2015,8,210,0,0
523,09/07/2018,1,0,0,0
524,09/07/2019,2,0,0,0
525,09/07/2020,3,15,0,0
526,09/07/2021,6,150,0,216
527,09/08/2019,5,0,0,0
528,09/08/2021,3,0,0,0
529,09/08/2022,5,27,8,0
530,09/08/2023,2,20,0,0
531,09/09/2014,1,0,0,0
532,09/09/2015,1,0,0,0
533,09/09/2016,1,0,0,0
534,09/09/2018,1,0,0,0
535,09/09/2019,2,90,80,12
536,09/09/2020,2,0,0,0
537,09/09/2021,8,0,0,0
538,09/09/2022,1,0,0,0
539,09/10/2018,2,0,0,0
540,09/10/2020,1,0,0,0
541,09/10/2021,1,0,0,0
542,09/11/2018,2,0,0,0
543,09/11/2021,3,0,0,0
544,09/11/2022,3,0,0,0
545,09/12/2020,1,0,0,0
546,09/12/2021,6,132,88,12
547,09/12/2022,1,0,0,0
548,10/01/2019,3,0,0,0
549,10/01/2020,3,0,0,0
550,10/01/2022,3,24,3,0
551,10/01/2023,6,11,0,0
552,10/02/2015,2,0,0,0
553,10/02/2020,2,0,0,0
554,10/02/2021,2,0,0,0
555,10/02/2022,2,0,0,0
556,10/02/2023,3,32,15,12
557,10/03/2015,6,98,0,0
558,10/03/2020,2,6,0,0
559,10/03/2021,1,0,0,0
560,10/03/2022,3,0,0,0
561,10/03/2023,2,12,15,0
562,10/04/2015,1,0,0,0
563,10/04/2019,2,0,0,0
564,10/04/2020,6,30,90,25
565,10/04/2022,1,18,8,12
566,10/04/2023,6,0,0,9
567,10/05/2017,9,0,0,0
568,10/05/2018,4,0,0,0
569,10/05/2019,3,24,0,0
570,10/05/2020,1,0,0,0
571,10/05/2021,3,0,0,0
572,10/05/2022,1,0,0,0
573,10/05/2023,1,0,0,0
574,10/06/2015,2,0,72,0
575,10/06/2018,1,0,0,0
576,10/06/2019,2,6,8,0
577,10/06/2020,2,0,0,0
578,10/06/2021,5,0,0,0
579,10/06/2022,2,462,138,192
580,10/07/2015,4,15,96,15
581,10/07/2018,3,0,0,0
582,10/07/2019,1,216,100,40
583,10/07/2020,2,32,40,0
584,10/07/2021,4,32,40,0
585,10/07/2022,2,0,0,0
586,10/07/2023,4,0,0,0
587,10/08/2015,3,0,0,0
588,10/08/2017,1,0,0,0
589,10/08/2018,1,0,0,0
590,10/08/2019,2,0,0,0
591,10/08/2020,4,0,0,0
592,10/08/2021,3,45,0,0
593,10/08/2022,4,0,0,0
594,10/08/2023,2,0,0,0
595,10/09/2017,1,0,0,0
596,10/09/2019,4,0,0,0
597,10/09/2020,4,0,0,0
598,10/09/2021,9,3,0,0
599,10/09/2022,1,0,0,0
600,10/10/2013,1,0,0,0
601,10/10/2014,2,0,0,0
602,10/10/2018,2,0,0,0
603,10/10/2021,1,2,0,0
604,10/10/2022,4,90,36,60
605,10/11/2014,8,60,0,0
606,10/11/2016,2,0,0,0
607,10/11/2020,1,0,0,0
608,10/11/2021,6,8,0,0
609,10/11/2022,5,0,0,0
610,10/12/2013,1,0,0,0
611,10/12/2014,5,0,0,0
612,10/12/2015,1,0,0,0
613,10/12/2018,3,0,0,0
614,10/12/2020,4,0,0,0
615,10/12/2021,4,12,0,0
616,10/12/2022,1,0,0,0
617,11/01/2019,1,0,0,0
618,11/01/2021,3,60,0,0
619,11/01/2022,2,90,0,0
620,11/01/2023,2,0,0,0
621,11/02/2015,5,0,0,0
622,11/02/2019,1,0,0,0
623,11/02/2020,3,0,0,0
624,11/02/2021,1,16,0,0
625,11/02/2022,4,90,0,36
626,11/02/2023,1,0,0,0
627,11/03/2014,5,0,0,0
628,11/03/2015,1,96,0,0
629,11/03/2016,1,0,0,0
630,11/03/2020,1,48,0,0
631,11/03/2021,1,0,0,0
632,11/03/2022,2,2,0,0
633,11/04/2017,2,0,0,0
634,11/04/2018,4,0,0,0
635,11/04/2019,1,80,0,0
636,11/04/2020,1,16,0,0
637,11/04/2022,2,0,0,0
638,11/04/2023,6,12,0,0
639,11/05/2015,1,0,0,0
640,11/05/2016,2,0,0,0
641,11/05/2017,1,0,0,0
642,11/05/2018,3,0,0,0
643,11/05/2020,1,12,60,9
644,11/05/2021,4,87,0,0
645,11/05/2022,1,0,0,0
646,11/05/2023,1,0,0,0
647,11/06/2015,1,0,0,0
648,11/06/2019,2,0,0,0
649,11/06/2020,1,0,0,0
650,11/06/2021,2,0,0,0
651,11/06/2023,1,0,0,0
652,11/07/2016,2,0,0,0
653,11/07/2017,12,0,0,0
654,11/07/2018,1,0,0,0
655,11/07/2022,3,0,0,0
656,11/07/2023,3,0,0,0
657,11/08/2015,2,0,96,40
658,11/08/2018,1,0,0,0
659,11/08/2019,1,0,0,0
660,11/08/2021,13,52,0,0
661,11/08/2022,5,32,0,8
662,11/08/2023,7,0,0,0
663,11/09/2014,5,0,0,0
664,11/09/2015,2,0,0,0
665,11/09/2018,3,0,0,0
666,11/09/2020,3,12,0,0
667,11/10/2018,3,12,0,0
668,11/10/2021,7,0,44,18
669,11/10/2022,2,0,60,0
670,11/11/2014,2,0,0,0
671,11/11/2015,1,40,0,0
672,11/11/2018,2,2,0,0
673,11/11/2019,1,0,0,0
674,11/11/2020,6,72,0,0
675,11/11/2021,2,0,0,0
676,11/11/2022,7,106,125,450
677,11/12/2014,3,0,0,0
678,11/12/2018,3,2,0,0
679,11/12/2020,3,16,0,0
680,11/12/2021,1,0,0,0
681,12/01/2015,1,0,60,25
682,12/01/2022,2,0,0,0
683,12/01/2023,5,20,0,0
684,12/02/2019,1,0,0,0
685,12/02/2020,2,60,0,0
686,12/02/2021,1,8,0,0
687,12/03/2014,2,0,0,0
688,12/03/2015,9,0,0,0
689,12/03/2016,4,1,0,0
690,12/03/2019,1,0,0,0
691,12/03/2020,5,0,0,0
692,12/03/2021,2,0,0,0
693,12/03/2023,1,0,0,0
694,12/04/2017,2,0,0,0
695,12/04/2019,1,0,0,0
696,12/04/2021,1,0,0,0
697,12/04/2022,3,0,0,0
698,12/04/2023,4,0,0,0
699,12/05/2014,2,0,0,0
700,12/05/2015,6,0,0,0
701,12/05/2016,2,0,0,0
702,12/05/2017,3,0,0,0
703,12/05/2020,3,0,0,0
704,12/05/2021,3,0,0,0
705,12/05/2022,5,120,27,18
706,12/05/2023,2,120,0,0
707,12/06/2014,1,0,0,0
708,12/06/2015,10,0,0,0
709,12/06/2017,1,0,0,0
710,12/06/2019,1,0,0,0
711,12/06/2020,5,0,0,0
712,12/06/2021,1,0,0,0
713,12/06/2023,5,0,0,0
714,12/07/2018,3,20,0,0
715,12/07/2019,4,16,0,0
716,12/07/2021,6,15,0,0
717,12/07/2022,4,100,60,40
718,12/07/2023,7,126,160,186
719,12/08/2014,2,0,0,0
720,12/08/2015,1,0,0,0
721,12/08/2019,4,240,75,24
722,12/08/2020,2,0,0,0
723,12/08/2021,4,6,0,8
724,12/09/2014,2,0,0,0
725,12/09/2015,1,32,0,16
726,12/09/2016,1,0,0,0
727,12/09/2018,1,0,0,0
728,12/09/2019,3,0,0,0
729,12/09/2021,1,0,0,0
730,12/09/2022,9,0,0,0
731,12/10/2016,3,0,0,0
732,12/10/2017,1,0,0,0
733,12/10/2020,4,20,0,0
734,12/10/2021,3,9,0,0
735,12/10/2022,3,0,0,0
736,12/11/2014,7,0,0,0
737,12/11/2015,5,0,0,0
738,12/11/2018,2,0,0,0
739,12/11/2020,1,12,0,0
740,12/11/2021,4,18,0,0
741,12/11/2022,1,0,0,0
742,12/12/2014,4,96,46,24
743,12/12/2018,3,0,0,0
744,12/12/2022,7,48,45,16
745,13/01/2015,10,0,3,0
746,13/01/2019,1,0,0,0
747,13/01/2020,2,0,0,0
748,13/01/2021,1,24,0,0
749,13/01/2022,1,0,0,0
750,13/01/2023,5,0,0,0
751,13/02/2015,2,0,0,0
752,13/02/2017,5,0,0,0
753,13/02/2023,3,0,0,0
754,13/03/2015,3,0,0,0
755,13/03/2019,3,0,0,0
756,13/03/2020,5,3,0,0
757,13/03/2023,2,0,0,0
758,13/04/2015,2,0,0,0
759,13/04/2019,1,0,0,0
760,13/04/2020,2,2,0,0
761,13/04/2021,1,32,75,16
762,13/04/2022,6,28,0,0
763,13/04/2023,4,360,108,270
764,13/05/2014,2,0,0,0
765,13/05/2015,4,40,100,120
766,13/05/2016,1,0,0,0
767,13/05/2019,5,0,0,0
768,13/05/2020,4,30,0,0
769,13/05/2021,1,0,0,0
770,13/05/2022,5,0,0,0
771,13/05/2023,1,0,0,0
772,13/06/2017,1,0,0,0
773,13/06/2018,2,0,0,0
774,13/06/2019,3,0,0,0
775,13/06/2022,2,192,0,200
776,13/07/2016,2,0,0,0
777,13/07/2017,2,0,0,0
778,13/07/2018,3,0,0,0
779,13/07/2020,3,0,0,0
780,13/07/2021,3,10,6,4
781,13/07/2022,2,0,0,0
782,13/07/2023,6,235,435,216
783,13/08/2015,8,0,0,0
784,13/08/2018,1,0,0,0
785,13/08/2019,2,0,0,0
786,13/08/2020,1,0,0,0
787,13/08/2021,2,27,30,8
788,13/09/2019,4,0,0,0
789,13/09/2021,5,0,0,0
790,13/09/2022,2,0,0,0
791,13/10/2016,2,0,0,0
792,13/10/2017,1,0,0,0
793,13/10/2018,2,0,0,0
794,13/10/2020,2,0,0,0
795,13/10/2021,4,0,0,0
796,13/10/2022,4,330,390,451
797,13/11/2014,2,0,0,0
798,13/11/2015,2,0,0,0
799,13/11/2018,1,0,0,0
800,13/11/2019,1,0,0,0
801,13/11/2020,1,0,0,0
802,13/11/2021,2,20,0,0
803,13/11/2022,1,0,0,0
804,13/12/2018,2,0,0,0
805,13/12/2022,2,0,0,0
806,14/01/2015,3,0,0,0
807,14/01/2019,1,0,0,0
808,14/01/2021,2,40,0,0
809,14/01/2022,1,0,0,0
810,14/01/2023,7,8,0,0
811,14/02/2015,4,360,504,300
812,14/02/2017,1,0,0,0
813,14/02/2019,5,0,0,0
814,14/02/2020,1,2,0,0
815,14/02/2022,3,0,0,0
816,14/02/2023,6,36,10,16
817,14/03/2017,2,0,0,0
818,14/03/2018,1,0,0,0
819,14/03/2019,3,0,0,0
820,14/03/2020,1,0,0,0
821,14/03/2022,1,0,0,0
822,14/03/2023,5,0,0,0
823,14/04/2014,6,0,0,0
824,14/04/2015,2,16,0,0
825,14/04/2020,1,0,0,0
826,14/04/2022,1,30,48,54
827,14/04/2023,5,2,0,0
828,14/05/2014,3,0,0,0
829,14/05/2015,4,0,42,0
830,14/05/2019,6,100,96,0
831,14/05/2020,6,24,52,16
832,14/05/2021,2,144,32,32
833,14/05/2023,2,8,0,0
834,14/06/2017,1,0,0,0
835,14/06/2019,1,0,0,0
836,14/06/2021,4,0,0,0
837,14/07/2014,1,0,0,0
838,14/07/2015,6,0,0,0
839,14/07/2017,4,0,0,0
840,14/07/2018,1,2,0,0
841,14/07/2020,4,50,120,25
842,14/07/2021,5,24,0,0
843,14/07/2022,3,24,0,0
844,14/07/2023,3,0,0,0
845,14/08/2014,3,0,0,0
846,14/08/2015,4,60,0,0
847,14/08/2017,2,0,0,0
848,14/08/2018,3,0,0,0
849,14/08/2020,2,0,0,0
850,14/08/2022,1,0,0,0
851,14/08/2023,1,12,0,0
852,14/09/2017,3,0,0,0
853,14/09/2020,3,0,0,0
854,14/09/2021,2,0,0,0
855,14/09/2022,3,0,0,0
856,14/10/2020,5,0,16,0
857,14/10/2021,5,0,20,8
858,14/10/2022,4,36,60,49
859,14/11/2014,3,0,0,0
860,14/11/2017,5,0,0,0
861,14/11/2018,5,0,0,0
862,14/11/2019,1,0,0,0
863,14/11/2020,1,0,0,0
864,14/11/2022,4,0,56,20
865,14/12/2015,1,0,0,0
866,14/12/2018,2,0,0,0
867,14/12/2021,3,32,15,24
868,14/12/2022,4,0,32,6
869,15/01/2015,5,0,0,0
870,15/01/2019,1,0,0,0
871,15/01/2020,4,0,0,0
872,15/02/2017,1,6,8,8
873,15/02/2018,1,0,0,0
874,15/02/2019,4,0,0,0
875,15/02/2020,1,0,0,0
876,15/02/2021,1,4,0,0
877,15/02/2022,1,0,0,0
878,15/02/2023,1,0,0,0
879,15/03/2019,1,0,0,0
880,15/03/2020,1,36,0,0
881,15/03/2022,4,0,0,0
882,15/03/2023,4,0,0,0
883,15/04/2014,1,0,0,0
884,15/04/2015,6,150,0,0
885,15/04/2020,2,0,0,0
886,15/04/2021,1,0,0,0
887,15/04/2022,2,0,0,0
888,15/04/2023,2,0,0,0
889,15/05/2015,4,0,0,0
890,15/05/2017,3,0,0,0
891,15/05/2018,3,0,0,0
892,15/05/2019,4,0,0,0
893,15/05/2020,3,20,0,0
894,15/05/2023,1,0,0,0
895,15/06/2015,3,0,0,0
896,15/06/2020,1,50,0,0
897,15/06/2021,1,4,0,0
898,15/06/2022,1,0,0,0
899,15/06/2023,3,0,0,0
900,15/07/2014,1,0,0,0
901,15/07/2015,3,16,54,12
902,15/07/2018,1,0,0,0
903,15/07/2021,7,60,0,0
904,15/07/2022,8,96,24,0
905,15/08/2019,3,0,0,0
906,15/08/2021,1,0,0,0
907,15/08/2022,1,0,0,0
908,15/08/2023,3,0,0,0
909,15/09/2016,2,0,0,0
910,15/09/2017,2,0,0,0
911,15/09/2020,2,0,0,0
912,15/09/2021,6,0,0,0
913,15/09/2022,2,0,0,0
914,15/10/2018,6,0,0,0
915,15/10/2020,4,30,0,0
916,15/10/2021,6,20,30,8
917,15/11/2018,2,0,0,0
918,15/11/2020,1,0,0,0
919,15/11/2021,4,24,0,0
920,15/11/2022,7,0,0,0
921,15/12/2014,11,32,0,0
922,15/12/2021,4,26,12,0
923,15/12/2022,9,44,112,40
924,16/01/2015,5,32,40,0
925,16/01/2020,2,24,0,0
926,16/01/2022,1,0,0,0
927,16/02/2023,1,0,0,0
928,16/03/2015,2,0,0,0
929,16/03/2018,2,0,0,0
930,16/03/2020,3,0,0,0
931,16/03/2021,1,0,0,0
932,16/03/2022,3,0,0,0
933,16/03/2023,4,0,0,0
934,16/04/2015,3,0,0,0
935,16/04/2020,2,0,0,0
936,16/05/2017,7,0,8,0
937,16/05/2018,2,0,0,0
938,16/05/2019,6,0,0,0
939,16/05/2020,1,0,0,0
940,16/05/2022,2,24,48,9
941,16/05/2023,4,0,0,0
942,16/06/2015,2,0,36,0
943,16/06/2020,2,0,0,0
944,16/06/2021,3,0,0,0
945,16/06/2022,4,88,354,210
946,16/06/2023,2,50,0,0
947,16/07/2015,2,60,0,0
948,16/07/2019,3,0,0,0
949,16/07/2020,5,10,0,0
950,16/07/2021,11,90,0,0
951,16/07/2022,4,24,0,0
952,16/08/2017,1,0,0,0
953,16/08/2019,1,0,0,0
954,16/08/2022,2,60,72,80
955,16/08/2023,2,0,0,0
956,16/09/2014,1,0,0,0
957,16/09/2016,4,36,0,0
958,16/09/2019,5,4,0,0
959,16/09/2020,1,25,0,0
960,16/09/2021,7,288,100,50
961,16/09/2022,3,0,0,0
962,16/10/2014,1,0,0,0
963,16/10/2020,4,2,0,0
964,16/10/2021,2,0,0,0
965,16/11/2021,10,277,32,0
966,16/11/2022,6,0,0,0
967,16/12/2014,4,6,2,1
968,16/12/2015,7,0,0,0
969,16/12/2020,2,0,0,0
970,16/12/2021,1,32,0,100
971,16/12/2022,3,88,81,108
972,17/01/2015,1,0,0,0
973,17/01/2017,1,0,0,0
974,17/01/2019,1,0,0,0
975,17/01/2020,1,0,0,0
976,17/01/2022,1,0,0,0
977,17/01/2023,3,0,0,0
978,17/02/2021,2,300,80,32
979,17/02/2022,5,0,0,0
980,17/02/2023,5,0,0,0
981,17/03/2015,2,0,0,0
982,17/03/2017,1,0,0,0
983,17/03/2020,1,0,0,0
984,17/03/2021,3,0,0,0
985,17/03/2023,7,56,30,24
986,17/04/2014,2,8,0,0
987,17/04/2015,2,0,0,0
988,17/04/2017,1,0,0,0
989,17/04/2019,1,0,0,0
990,17/04/2020,4,0,0,0
991,17/04/2023,7,0,0,0
992,17/05/2017,2,0,0,0
993,17/05/2018,1,0,0,0
994,17/05/2019,3,10,0,0
995,17/05/2020,1,0,0,0
996,17/05/2021,1,0,0,0
997,17/05/2022,2,0,0,0
998,17/05/2023,2,0,0,0
999,17/06/2014,3,4,0,0
1000,17/06/2015,9,24,0,0
1001,17/06/2019,5,12,0,0
1002,17/06/2020,1,0,0,0
1003,17/06/2021,2,0,0,0
1004,17/06/2022,2,0,0,0
1005,17/06/2023,3,0,0,0
1006,17/07/2015,2,0,0,0
1007,17/07/2019,2,0,0,0
1008,17/07/2022,1,0,0,0
1009,17/07/2023,1,0,0,0
1010,17/08/2019,1,0,10,0
1011,17/08/2021,4,0,4,0
1012,17/08/2022,5,80,0,0
1013,17/08/2023,2,72,90,72
1014,17/09/2014,1,0,0,0
1015,17/09/2019,4,48,0,0
1016,17/09/2020,2,12,0,0
1017,17/10/2014,7,168,24,0
1018,17/10/2018,1,0,0,0
1019,17/10/2022,1,0,0,0
1020,17/11/2014,4,100,0,0
1021,17/11/2017,4,0,0,0
1022,17/11/2021,3,0,90,50
1023,17/11/2022,6,0,0,0
1024,17/12/2014,5,80,144,75
1025,17/12/2018,4,3,5,3
1026,17/12/2020,1,0,140,0
1027,17/12/2021,3,50,0,0
1028,18/01/2019,1,0,0,0
1029,18/01/2020,1,0,0,0
1030,18/01/2023,2,0,0,0
1031,18/02/2019,2,0,0,0
1032,18/02/2020,4,0,0,0
1033,18/02/2021,1,0,0,0
1034,18/02/2023,1,0,0,0
1035,18/03/2014,1,0,0,0
1036,18/03/2015,1,0,0,0
1037,18/03/2019,1,0,0,0
1038,18/03/2022,3,320,80,64
1039,18/03/2023,1,0,0,0
1040,18/04/2017,1,0,0,0
1041,18/04/2019,2,0,0,0
1042,18/04/2020,4,0,0,0
1043,18/04/2021,1,0,0,0
1044,18/04/2022,1,0,60,40
1045,18/04/2023,7,172,48,30
1046,18/05/2016,3,0,0,0
1047,18/05/2019,1,0,0,0
1048,18/05/2020,1,0,0,0
1049,18/05/2021,1,0,0,0
1050,18/05/2022,4,12,0,0
1051,18/05/2023,8,180,30,18
1052,18/06/2014,4,0,0,0
1053,18/06/2015,6,0,0,0
1054,18/06/2019,3,0,0,0
1055,18/06/2020,4,0,0,0
1056,18/06/2021,1,0,0,0
1057,18/07/2015,1,0,0,0
1058,18/07/2017,3,18,0,0
1059,18/07/2018,1,0,0,0
1060,18/07/2019,8,0,0,0
1061,18/07/2022,3,72,16,18
1062,18/07/2023,3,0,0,0
1063,18/08/2014,3,0,0,0
1064,18/08/2015,1,0,0,0
1065,18/08/2017,4,0,0,0
1066,18/08/2020,1,0,0,0
1067,18/08/2021,5,0,0,0
1068,18/08/2022,4,3,0,0
1069,18/08/2023,2,0,10,10
1070,18/09/2014,1,0,0,0
1071,18/09/2015,1,0,0,0
1072,18/09/2018,1,3,15,6
1073,18/09/2019,5,0,0,0
1074,18/09/2020,3,24,62,62
1075,18/09/2021,1,0,0,0
1076,18/10/2017,6,0,0,0
1077,18/10/2018,2,36,0,0
1078,18/10/2020,1,0,0,0
1079,18/11/2014,6,0,0,0
1080,18/11/2017,1,0,0,0
1081,18/11/2019,1,0,0,0
1082,18/11/2020,3,0,0,0
1083,18/11/2021,2,0,0,0
1084,18/11/2022,5,32,0,0
1085,18/12/2014,4,36,12,0
1086,18/12/2019,1,0,0,0
1087,18/12/2022,1,64,20,16
1088,19/01/2015,4,48,12,0
1089,19/01/2019,1,40,112,50
1090,19/01/2020,2,0,0,0
1091,19/01/2021,1,16,0,0
1092,19/01/2022,1,0,0,0
1093,19/01/2023,3,60,0,0
1094,19/02/2020,3,64,0,0
1095,19/02/2021,2,0,0,0
1096,19/02/2022,1,0,0,0
1097,19/03/2014,1,0,0,0
1098,19/03/2015,7,0,0,0
1099,19/03/2020,3,36,0,0
1100,19/03/2021,1,0,0,0
1101,19/04/2019,2,0,0,0
1102,19/04/2020,1,0,0,0
1103,19/04/2022,3,0,0,0
1104,19/04/2023,8,95,70,12
1105,19/05/2014,3,0,0,0
1106,19/05/2015,5,0,0,0
1107,19/05/2017,2,0,0,0
1108,19/05/2019,1,0,0,0
1109,19/05/2020,5,15,18,12
1110,19/05/2021,1,0,0,0
1111,19/05/2022,3,64,20,16
1112,19/05/2023,1,0,0,0
1113,19/06/2015,6,0,0,0
1114,19/06/2019,3,0,0,0
1115,19/06/2020,1,0,0,0
1116,19/06/2023,4,64,40,0
1117,19/07/2017,4,120,0,0
1118,19/07/2019,7,0,0,0
1119,19/07/2020,1,32,0,0
1120,19/07/2021,8,0,0,0
1121,19/07/2022,3,172,72,0
1122,19/07/2023,7,24,0,0
1123,19/08/2015,1,0,0,0
1124,19/08/2019,1,0,0,0
1125,19/08/2021,2,180,120,240
1126,19/08/2022,2,40,24,48
1127,19/09/2017,2,0,0,0
1128,19/09/2018,1,0,0,0
1129,19/09/2022,6,69,0,0
1130,19/10/2018,1,0,0,0
1131,19/10/2020,2,0,0,0
1132,19/10/2021,1,0,0,0
1133,19/10/2022,3,144,50,40
1134,19/11/2014,8,27,32,0
1135,19/11/2019,1,0,0,0
1136,19/11/2020,3,0,0,0
1137,19/11/2021,4,0,0,0
1138,19/11/2022,1,0,10,0
1139,19/12/2014,3,24,12,0
1140,19/12/2022,5,201,408,84
1141,20/01/2015,3,209,140,40
1142,20/01/2020,1,0,0,0
1143,20/01/2021,2,0,0,0
1144,20/01/2022,1,12,0,0
1145,20/02/2017,1,0,0,0
1146,20/02/2019,6,0,0,0
1147,20/02/2020,1,0,0,0
1148,20/02/2023,6,40,0,0
1149,20/03/2014,1,0,0,0
1150,20/03/2015,9,0,24,0
1151,20/03/2019,3,0,0,0
1152,20/03/2020,6,0,0,0
1153,20/03/2022,1,8,0,0
1154,20/03/2023,3,0,0,0
1155,20/04/2015,1,0,0,0
1156,20/04/2016,2,0,0,0
1157,20/04/2017,7,0,0,0
1158,20/04/2018,2,0,0,0
1159,20/04/2019,1,0,0,0
1160,20/04/2020,4,12,4,0
1161,20/04/2021,3,25,0,0
1162,20/04/2022,2,0,0,0
1163,20/04/2023,1,4,0,0
1164,20/05/2015,6,0,0,0
1165,20/05/2017,1,0,0,0
1166,20/05/2019,2,0,0,0
1167,20/05/2020,2,75,0,0
1168,20/05/2022,4,45,0,0
1169,20/06/2014,1,0,0,0
1170,20/06/2019,3,0,0,0
1171,20/06/2021,1,0,0,0
1172,20/06/2022,3,128,40,96
1173,20/06/2023,3,24,0,0
1174,20/07/2015,2,0,0,0
1175,20/07/2018,3,0,0,0
1176,20/07/2021,4,0,25,0
1177,20/07/2022,4,172,0,450
1178,20/08/2015,2,0,0,0
1179,20/08/2019,6,0,0,0
1180,20/08/2020,5,104,80,0
1181,20/08/2021,2,0,0,0
1182,20/08/2022,1,0,0,0
1183,20/08/2023,1,0,0,0
1184,20/09/2015,1,0,0,0
1185,20/09/2017,1,0,0,0
1186,20/09/2018,2,0,0,0
1187,20/09/2019,5,0,0,0
1188,20/09/2021,3,0,0,0
1189,20/09/2022,6,0,0,0
1190,20/10/2018,1,0,0,0
1191,20/10/2020,2,0,0,0
1192,20/10/2021,3,72,0,0
1193,20/10/2022,7,160,125,20
1194,20/11/2014,2,16,0,0
1195,20/11/2018,1,0,0,0
1196,20/11/2020,2,3,0,0
1197,20/11/2021,1,0,0,0
1198,20/12/2018,1,0,0,0
1199,20/12/2019,1,4,0,0
1200,20/12/2020,1,0,0,0
1201,20/12/2021,1,0,0,0
1202,20/12/2022,7,380,430,215
1203,21/01/2015,5,0,24,0
1204,21/01/2019,1,4,0,0
1205,21/01/2021,1,0,0,0
1206,21/01/2022,3,0,0,0
1207,21/01/2023,1,0,0,0
1208,21/02/2014,1,15,0,0
1209,21/02/2020,1,0,0,0
1210,21/02/2022,2,0,0,0
1211,21/02/2023,2,0,0,0
1212,21/03/2015,1,0,8,1
1213,21/03/2017,4,0,0,0
1214,21/03/2022,4,0,0,0
1215,21/03/2023,7,78,50,32
1216,21/04/2014,2,0,0,0
1217,21/04/2015,1,0,0,0
1218,21/04/2017,1,0,0,0
1219,21/04/2020,3,0,0,0
1220,21/04/2022,4,16,0,0
1221,21/04/2023,1,0,0,0
1222,21/05/2014,3,16,16,0
1223,21/05/2015,5,46,41,24
1224,21/05/2018,1,0,0,0
1225,21/05/2019,2,84,120,20
1226,21/05/2020,4,48,0,0
1227,21/05/2021,4,9,0,0
1228,21/05/2022,1,0,0,0
1229,21/05/2023,1,0,0,0
1230,21/06/2018,3,0,0,0
1231,21/06/2019,2,0,0,0
1232,21/06/2021,2,0,0,0
1233,21/06/2022,3,0,0,0
1234,21/06/2023,3,0,0,0
1235,21/07/2014,1,24,0,0
1236,21/07/2015,4,0,0,0
1237,21/07/2017,2,0,0,0
1238,21/07/2020,3,0,0,0
1239,21/07/2021,6,0,0,0
1240,21/07/2022,4,32,20,16
1241,21/07/2023,9,6,34,27
1242,21/08/2014,1,0,0,0
1243,21/08/2015,5,0,0,0
1244,21/08/2019,1,0,0,0
1245,21/08/2020,2,0,0,0
1246,21/08/2021,2,12,0,0
1247,21/08/2023,4,24,0,0
1248,21/09/2017,2,0,0,0
1249,21/09/2018,3,0,60,0
1250,21/09/2020,3,0,0,0
1251,21/09/2021,3,0,0,0
1252,21/09/2022,2,6,6,0
1253,21/10/2014,3,0,0,0
1254,21/10/2020,2,0,0,0
1255,21/10/2021,5,12,0,0
1256,21/10/2022,6,72,15,0
1257,21/11/2014,11,27,0,0
1258,21/11/2018,2,0,0,0
1259,21/11/2021,1,0,0,0
1260,21/11/2022,5,0,0,0
1261,21/12/2015,7,0,0,0
1262,21/12/2018,3,0,0,0
1263,21/12/2020,1,0,0,0
1264,21/12/2021,3,36,54,16
1265,21/12/2022,6,20,0,0
1266,22/01/2015,2,40,25,40
1267,22/01/2019,2,0,0,0
1268,22/01/2020,1,192,0,0
1269,22/01/2021,2,0,0,0
1270,22/01/2022,4,0,0,0
1271,22/01/2023,2,16,0,4
1272,22/02/2016,5,0,0,0
1273,22/02/2017,1,0,0,0
1274,22/02/2019,4,0,0,0
1275,22/02/2022,1,0,0,0
1276,22/02/2023,5,0,0,0
1277,22/03/2017,1,0,0,0
1278,22/03/2019,1,0,0,0
1279,22/03/2022,5,0,0,0
1280,22/03/2023,7,3,0,0
1281,22/04/2015,6,0,16,0
1282,22/04/2016,1,0,0,0
1283,22/04/2020,1,0,0,0
1284,22/04/2021,2,0,0,0
1285,22/04/2022,3,150,60,60
1286,22/05/2015,4,0,0,0
1287,22/05/2017,1,0,0,0
1288,22/05/2019,3,0,0,0
1289,22/05/2020,2,3,0,0
1290,22/05/2022,1,0,0,0
1291,22/05/2023,3,0,0,0
1292,22/06/2015,2,12,0,0
1293,22/06/2016,1,0,0,0
1294,22/06/2017,1,0,0,0
1295,22/06/2020,4,75,60,0
1296,22/06/2021,1,0,0,0
1297,22/06/2023,6,160,0,0
1298,22/07/2015,2,0,0,0
1299,22/07/2019,1,0,0,0
1300,22/07/2021,3,20,0,0
1301,22/07/2022,1,0,0,0
1302,22/07/2023,1,0,0,0
1303,22/08/2017,4,0,0,0
1304,22/08/2019,9,0,0,0
1305,22/08/2020,1,0,0,0
1306,22/08/2021,1,0,0,0
1307,22/08/2022,3,2,0,0
1308,22/09/2021,6,0,0,0
1309,22/09/2022,1,0,0,0
1310,22/10/2014,4,9,0,0
1311,22/10/2020,6,0,12,0
1312,22/10/2021,5,24,26,6
1313,22/10/2022,1,0,0,0
1314,22/11/2018,2,0,0,0
1315,22/11/2020,2,0,0,0
1316,22/11/2021,4,100,24,0
1317,22/11/2022,5,205,20,30
1318,22/12/2014,7,48,25,30
1319,22/12/2019,1,0,0,0
1320,22/12/2020,2,216,168,60
1321,22/12/2021,1,0,0,0
1322,22/12/2022,4,18,24,9
1323,23/01/2015,5,0,0,0
1324,23/01/2019,1,0,0,0
1325,23/01/2023,2,366,90,225
1326,23/02/2017,1,0,0,0
1327,23/02/2018,2,0,0,0
1328,23/02/2019,1,0,0,0
1329,23/02/2021,1,0,0,0
1330,23/02/2022,2,0,0,0
1331,23/02/2023,5,0,0,0
1332,23/03/2015,2,0,0,0
1333,23/03/2020,1,0,0,0
1334,23/03/2021,1,0,0,0
1335,23/03/2022,2,60,30,25
1336,23/03/2023,8,24,8,6
1337,23/04/2014,7,0,0,0
1338,23/04/2015,7,0,60,0
1339,23/04/2016,1,9,24,0
1340,23/04/2018,1,0,0,0
1341,23/04/2019,1,0,0,0
1342,23/04/2020,5,0,0,0
1343,23/04/2021,2,125,0,0
1344,23/05/2014,4,0,0,0
1345,23/05/2018,1,0,0,0
1346,23/05/2019,3,0,0,0
1347,23/05/2021,4,0,0,0
1348,23/05/2022,5,0,0,0
1349,23/05/2023,4,30,18,0
1350,23/06/2014,2,0,0,0
1351,23/06/2015,8,0,0,0
1352,23/06/2021,1,0,0,0
1353,23/06/2022,2,12,0,0
1354,23/06/2023,2,0,0,0
1355,23/07/2014,1,0,0,0
1356,23/07/2015,1,0,0,0
1357,23/07/2019,5,5,6,0
1358,23/07/2020,3,0,0,0
1359,23/07/2021,6,210,32,32
1360,23/07/2022,1,0,0,0
1361,23/07/2023,1,0,0,0
1362,23/08/2019,3,0,0,0
1363,23/08/2021,5,0,0,0
1364,23/08/2022,5,15,0,0
1365,23/08/2023,3,0,0,0
1366,23/09/2014,2,0,0,0
1367,23/09/2015,2,72,230,45
1368,23/09/2017,1,0,0,0
1369,23/09/2019,4,0,0,0
1370,23/09/2020,1,0,0,0
1371,23/09/2021,1,0,0,0
1372,23/09/2022,2,0,0,0
1373,23/10/2014,5,18,0,0
1374,23/10/2015,3,0,0,0
1375,23/10/2018,1,0,0,0
1376,23/10/2020,6,75,0,0
1377,23/11/2018,2,0,0,0
1378,23/11/2020,1,6,0,0
1379,23/11/2021,1,0,0,0
1380,23/11/2022,2,4,25,20
1381,23/12/2014,3,0,4,0
1382,23/12/2019,2,0,0,0
1383,23/12/2020,3,80,0,0
1384,23/12/2022,5,48,40,0
1385,24/01/2022,2,0,0,0
1386,24/01/2023,1,4,0,0
1387,24/02/2015,1,0,0,0
1388,24/02/2020,2,0,0,0
1389,24/02/2021,2,0,0,0
1390,24/02/2023,6,0,0,0
1391,24/03/2015,2,0,0,0
1392,24/03/2021,2,135,0,0
1393,24/03/2022,3,0,0,0
1394,24/03/2023,7,128,75,180
1395,24/04/2014,4,0,0,0
1396,24/04/2015,11,0,0,0
1397,24/04/2016,1,0,0,0
1398,24/04/2017,5,0,0,0
1399,24/04/2019,1,0,0,0
1400,24/04/2020,4,0,0,0
1401,24/04/2021,1,0,0,0
1402,24/04/2023,4,24,24,0
1403,24/05/2016,6,2,0,0
1404,24/05/2017,5,9,0,0
1405,24/05/2018,3,0,0,0
1406,24/05/2019,2,0,0,0
1407,24/05/2021,2,0,0,0
1408,24/05/2022,3,24,15,12
1409,24/05/2023,2,48,30,8
1410,24/06/2015,6,0,0,0
1411,24/06/2016,1,0,0,0
1412,24/06/2019,2,0,0,0
1413,24/06/2020,4,0,0,0
1414,24/06/2021,2,8,5,0
1415,24/06/2022,1,0,0,0
1416,24/07/2020,1,0,0,0
1417,24/07/2021,3,0,0,0
1418,24/08/2017,3,0,0,0
1419,24/08/2021,4,0,0,0
1420,24/08/2022,6,90,96,162
1421,24/08/2023,2,0,0,0
1422,24/09/2015,1,0,0,0
1423,24/09/2016,2,0,0,0
1424,24/09/2019,3,0,0,0
1425,24/09/2020,1,0,0,0
1426,24/09/2021,2,0,0,0
1427,24/09/2022,3,0,0,0
1428,24/10/2014,7,72,0,0
1429,24/10/2018,1,0,0,0
1430,24/10/2021,1,0,0,0
1431,24/10/2022,2,0,0,0
1432,24/11/2014,2,0,0,12
1433,24/11/2019,2,4,0,0
1434,24/11/2020,3,150,0,0
1435,24/11/2021,3,0,0,0
1436,24/11/2022,6,0,0,0
1437,24/12/2013,1,216,126,108
1438,24/12/2014,8,393,396,290
1439,24/12/2015,1,24,18,0
1440,24/12/2018,1,0,0,0
1441,24/12/2019,1,0,0,0
1442,24/12/2020,1,90,0,0
1443,24/12/2021,3,0,48,20
1444,25/01/2019,3,16,15,0
1445,25/01/2022,2,0,0,0
1446,25/01/2023,1,4,0,0
1447,25/02/2015,2,0,0,0
1448,25/02/2016,2,0,0,0
1449,25/02/2019,4,0,0,0
1450,25/02/2020,2,0,0,0
1451,25/02/2021,2,0,0,0
1452,25/02/2022,2,384,150,360
1453,25/03/2014,1,0,0,0
1454,25/03/2015,8,0,0,0
1455,25/03/2019,6,0,0,0
1456,25/03/2020,2,0,0,0
1457,25/03/2021,3,0,0,0
1458,25/03/2022,4,0,0,0
1459,25/04/2014,3,80,30,0
1460,25/04/2015,1,0,0,0
1461,25/04/2016,2,0,0,0
1462,25/04/2019,3,0,0,0
1463,25/04/2020,3,0,0,0
1464,25/04/2022,2,0,0,0
1465,25/04/2023,2,0,0,0
1466,25/05/2015,3,0,0,0
1467,25/05/2016,4,0,0,0
1468,25/05/2017,1,0,0,0
1469,25/05/2018,2,0,0,0
1470,25/05/2019,4,0,0,0
1471,25/05/2020,4,30,32,0
1472,25/05/2021,4,0,0,0
1473,25/05/2022,1,0,10,0
1474,25/05/2023,3,0,0,0
1475,25/06/2014,6,0,0,0
1476,25/06/2015,6,0,0,0
1477,25/06/2018,1,0,0,0
1478,25/06/2019,4,4,6,0
1479,25/06/2021,5,0,0,0
1480,25/06/2022,1,0,0,0
1481,25/07/2014,3,0,0,0
1482,25/07/2019,5,0,0,0
1483,25/07/2022,4,4,6,4
1484,25/07/2023,5,8,0,0
1485,25/08/2014,3,0,0,0
1486,25/08/2015,1,0,0,0
1487,25/08/2017,1,0,0,0
1488,25/08/2020,2,0,0,0
1489,25/08/2021,4,0,0,0
1490,25/08/2022,4,18,0,0
1491,25/08/2023,3,0,0,0
1492,25/09/2015,1,0,0,0
1493,25/09/2017,1,0,0,0
1494,25/09/2018,3,0,0,0
1495,25/09/2019,1,0,0,0
1496,25/09/2020,3,0,0,0
1497,25/09/2021,3,0,0,0
1498,25/09/2022,1,0,0,0
1499,25/10/2017,1,0,0,0
1500,25/10/2018,1,0,0,0
1501,25/10/2020,2,0,0,0
1502,25/10/2021,3,0,0,0
1503,25/10/2022,2,6,0,0
1504,25/11/2014,9,1,0,0
1505,25/11/2017,1,0,0,0
1506,25/11/2020,1,0,0,0
1507,25/11/2021,2,12,0,0
1508,25/11/2022,8,288,411,413
1509,25/12/2014,5,120,90,99
1510,25/12/2016,1,0,0,0
1511,25/12/2018,1,0,0,0
1512,25/12/2019,1,0,0,0
1513,25/12/2020,2,0,0,0
1514,25/12/2021,1,0,0,0
1515,26/01/2015,6,6,0,0
1516,26/01/2019,2,0,0,0
1517,26/01/2021,3,12,15,0
1518,26/01/2022,1,0,0,0
1519,26/01/2023,1,30,16,0
1520,26/02/2015,1,0,0,0
1521,26/02/2016,1,0,0,0
1522,26/02/2019,2,0,0,0
1523,26/02/2020,1,12,24,0
1524,26/02/2021,1,0,0,0
1525,26/02/2023,1,0,0,0
1526,26/03/2015,3,0,0,0
1527,26/03/2019,2,8,0,0
1528,26/03/2020,1,0,0,0
1529,26/03/2023,1,0,0,0
1530,26/04/2016,3,0,0,0
1531,26/04/2017,5,2,0,0
1532,26/04/2019,4,0,0,0
1533,26/04/2020,2,8,0,0
1534,26/04/2021,1,0,0,0
1535,26/04/2022,3,0,0,0
1536,26/04/2023,1,0,0,0
1537,26/05/2014,1,0,0,0
1538,26/05/2015,2,16,0,0
1539,26/05/2017,2,0,0,0
1540,26/05/2019,2,0,0,0
1541,26/05/2020,4,2,0,0
1542,26/05/2021,4,0,0,0
1543,26/05/2022,3,40,20,0
1544,26/05/2023,6,4,0,0
1545,26/06/2015,5,0,0,0
1546,26/06/2017,1,0,0,0
1547,26/06/2018,2,0,0,0
1548,26/06/2019,4,0,6,0
1549,26/06/2020,1,0,0,0
1550,26/06/2021,1,2,0,0
1551,26/06/2023,1,0,0,0
1552,26/07/2017,4,9,0,0
1553,26/07/2018,2,240,100,384
1554,26/07/2019,2,0,0,0
1555,26/07/2021,6,40,0,0
1556,26/07/2022,3,0,0,0
1557,26/08/2014,4,0,0,0
1558,26/08/2015,3,0,0,0
1559,26/08/2017,1,0,0,0
1560,26/08/2019,3,0,0,0
1561,26/08/2020,8,72,100,0
1562,26/08/2021,7,12,0,0
1563,26/08/2022,3,60,0,0
1564,26/09/2014,6,0,0,0
1565,26/09/2017,3,0,0,0
1566,26/09/2018,1,0,0,0
1567,26/09/2019,7,68,6,0
1568,26/09/2020,1,0,0,0
1569,26/09/2022,1,0,0,0
1570,26/10/2018,1,0,0,0
1571,26/10/2020,3,0,0,0
1572,26/10/2021,3,200,0,216
1573,26/10/2022,2,0,0,0
1574,26/11/2014,7,36,6,0
1575,26/11/2018,9,0,0,0
1576,26/11/2019,2,0,0,0
1577,26/11/2020,2,0,0,0
1578,26/11/2021,1,0,0,0
1579,26/11/2022,1,45,200,72
1580,26/12/2014,3,21,0,0
1581,26/12/2018,1,0,0,0
1582,26/12/2020,1,0,0,0
1583,26/12/2021,1,36,0,0
1584,26/12/2022,2,12,0,0
1585,27/01/2015,7,24,0,0
1586,27/01/2021,1,0,0,0
1587,27/01/2022,1,0,0,0
1588,27/02/2015,5,16,8,0
1589,27/02/2018,1,0,0,0
1590,27/02/2019,3,0,0,0
1591,27/02/2023,3,0,0,0
1592,27/03/2014,3,0,0,0
1593,27/03/2015,5,0,0,0
1594,27/03/2019,3,0,0,0
1595,27/03/2020,1,0,0,0
1596,27/03/2023,2,36,120,15
1597,27/04/2015,3,200,60,90
1598,27/04/2017,2,0,0,0
1599,27/04/2018,1,0,0,0
1600,27/04/2020,3,0,0,0
1601,27/04/2021,3,15,36,30
1602,27/04/2022,3,20,0,0
1603,27/04/2023,2,0,8,4
1604,27/05/2014,3,0,0,0
1605,27/05/2015,2,0,0,0
1606,27/05/2019,7,26,0,0
1607,27/05/2020,4,0,0,0
1608,27/05/2021,3,0,0,0
1609,27/05/2022,4,15,48,0
1610,27/05/2023,1,0,0,0
1611,27/06/2015,1,0,0,0
1612,27/06/2016,2,0,24,0
1613,27/06/2019,5,0,0,0
1614,27/06/2022,2,0,0,0
1615,27/06/2023,3,0,40,0
1616,27/07/2015,2,0,0,0
1617,27/07/2017,1,0,0,0
1618,27/07/2020,3,0,0,0
1619,27/07/2021,6,12,0,0
1620,27/07/2022,2,0,0,0
1621,27/07/2023,7,0,0,0
1622,27/08/2014,2,0,0,0
1623,27/08/2015,1,0,0,0
1624,27/08/2019,3,0,0,0
1625,27/08/2020,3,0,0,0
1626,27/08/2021,2,0,0,0
1627,27/08/2022,2,12,0,0
1628,27/09/2018,1,0,0,0
1629,27/09/2019,5,194,64,192
1630,27/09/2021,2,0,0,0
1631,27/09/2022,3,0,0,0
1632,27/10/2014,13,48,0,0
1633,27/10/2017,2,0,0,0
1634,27/10/2020,5,0,0,0
1635,27/10/2021,6,10,0,0
1636,27/10/2022,11,0,18,0
1637,27/11/2014,3,0,0,0
1638,27/11/2015,4,4,0,0
1639,27/11/2018,1,0,0,0
1640,27/11/2019,2,0,0,0
1641,27/12/2014,6,0,0,0
1642,27/12/2018,6,14,3,0
1643,27/12/2019,1,0,0,0
1644,27/12/2021,3,0,0,0
1645,27/12/2022,7,59,20,16
1646,28/01/2015,4,0,0,0
1647,28/01/2019,1,0,0,0
1648,28/01/2020,1,0,0,0
1649,28/01/2022,9,0,0,0
1650,28/02/2016,2,0,0,0
1651,28/02/2018,3,0,0,0
1652,28/02/2020,6,12,44,32
1653,28/02/2022,1,0,0,0
1654,28/02/2023,4,26,30,0
1655,28/03/2014,7,0,0,0
1656,28/03/2017,2,0,0,0
1657,28/03/2019,2,0,0,0
1658,28/03/2020,1,0,0,0
1659,28/03/2023,1,0,0,0
1660,28/04/2016,1,0,0,0
1661,28/04/2019,1,0,0,0
1662,28/04/2020,7,0,0,0
1663,28/04/2021,4,0,0,0
1664,28/04/2022,3,8,0,0
1665,28/05/2015,5,160,24,48
1666,28/05/2018,2,0,0,0
1667,28/05/2019,3,0,0,0
1668,28/05/2020,4,0,0,0
1669,28/05/2021,2,0,0,0
1670,28/05/2023,1,0,0,0
1671,28/06/2017,7,0,0,0
1672,28/06/2018,3,0,0,0
1673,28/06/2019,2,0,20,0
1674,28/06/2020,1,0,0,0
1675,28/06/2021,3,0,0,0
1676,28/06/2022,1,60,250,80
1677,28/06/2023,5,0,40,12
1678,28/07/2014,3,0,0,0
1679,28/07/2015,1,0,0,0
1680,28/07/2017,3,7,0,0
1681,28/07/2020,3,0,0,0
1682,28/07/2021,11,140,150,0
1683,28/07/2022,4,0,10,8
1684,28/07/2023,1,0,0,0
1685,28/08/2016,1,0,0,0
1686,28/08/2018,1,32,0,20
1687,28/08/2020,3,69,0,0
1688,28/08/2022,4,0,0,0
1689,28/08/2023,1,0,0,0
1690,28/09/2015,1,0,0,0
1691,28/09/2018,2,0,0,0
1692,28/09/2020,4,0,0,0
1693,28/09/2021,7,0,0,0
1694,28/09/2022,4,0,0,0
1695,28/10/2014,2,0,0,0
1696,28/10/2016,2,0,0,0
1697,28/10/2018,1,0,0,0
1698,28/10/2020,3,0,0,0
1699,28/10/2021,1,18,0,0
1700,28/10/2022,7,0,90,60
1701,28/11/2014,1,0,0,0
1702,28/11/2015,3,0,0,0
1703,28/11/2016,1,2,0,0
1704,28/11/2018,9,0,0,0
1705,28/11/2020,1,0,0,0
1706,28/11/2021,1,0,0,0
1707,28/11/2022,2,0,0,0
1708,28/12/2016,1,0,0,0
1709,28/12/2018,2,0,0,0
1710,28/12/2019,1,0,0,0
1711,28/12/2020,2,0,0,0
1712,28/12/2021,4,174,96,15
1713,28/12/2022,6,196,100,60
1714,29/01/2015,6,80,0,0
1715,29/01/2016,1,1,0,0
1716,29/01/2019,2,0,0,0
1717,29/01/2021,5,22,0,0
1718,29/01/2022,3,72,0,0
1719,29/03/2017,1,0,0,0
1720,29/03/2018,2,0,0,0
1721,29/03/2019,1,0,0,0
1722,29/03/2020,1,36,0,0
1723,29/03/2021,1,8,0,0
1724,29/03/2022,4,8,0,12
1725,29/03/2023,3,9,0,0
1726,29/04/2014,2,0,0,0
1727,29/04/2016,1,0,0,0
1728,29/04/2020,5,0,0,0
1729,29/04/2021,2,12,0,0
1730,29/04/2022,3,12,12,0
1731,29/05/2015,7,0,0,0
1732,29/05/2017,3,0,0,0
1733,29/05/2018,5,18,0,48
1734,29/05/2019,4,0,0,0
1735,29/05/2020,4,36,0,12
1736,29/05/2022,2,12,0,0
1737,29/05/2023,5,198,264,120
1738,29/06/2015,8,76,66,20
1739,29/06/2017,1,0,0,0
1740,29/06/2018,3,0,0,0
1741,29/06/2019,1,0,0,0
1742,29/06/2020,1,0,0,0
1743,29/06/2022,3,9,0,0
1744,29/06/2023,7,0,9,0
1745,29/06/2029,1,0,0,0
1746,29/07/2015,2,0,0,0
1747,29/07/2019,6,45,0,0
1748,29/07/2020,3,8,0,0
1749,29/07/2021,2,0,0,0
1750,29/07/2022,2,0,0,0
1751,29/07/2023,1,0,0,0
1752,29/08/2014,7,3,0,0
1753,29/08/2017,3,60,36,0
1754,29/08/2019,5,40,0,0
1755,29/08/2020,1,0,0,0
1756,29/08/2021,2,0,0,0
1757,29/08/2022,4,8,0,0
1758,29/08/2023,1,8,18,0
1759,29/09/2017,1,0,0,0
1760,29/09/2018,1,0,0,0
1761,29/09/2020,4,12,0,0
1762,29/09/2021,1,0,0,0
1763,29/09/2022,5,80,48,36
1764,29/10/2014,6,0,0,0
1765,29/10/2015,3,0,0,0
1766,29/10/2017,1,0,0,0
1767,29/10/2020,1,0,0,0
1768,29/10/2021,7,0,24,0
1769,29/10/2022,2,80,60,75
1770,29/11/2016,1,0,0,0
1771,29/11/2018,8,0,24,0
1772,29/11/2021,2,0,0,0
1773,29/11/2022,3,100,3,0
1774,29/12/2014,2,0,0,0
1775,29/12/2016,1,0,0,0
1776,29/12/2020,2,22,0,0
1777,29/12/2021,8,0,36,18
1778,29/12/2022,2,300,516,460
1779,30/01/2015,4,0,0,0
1780,30/01/2019,1,0,0,0
1781,30/01/2020,3,0,0,0
1782,30/01/2021,1,0,0,0
1783,30/01/2023,4,0,0,0
1784,30/03/2015,7,0,0,0
1785,30/03/2018,1,0,0,0
1786,30/03/2019,5,0,0,0
1787,30/03/2020,4,0,0,0
1788,30/03/2021,4,0,0,0
1789,30/03/2022,1,0,0,0
1790,30/03/2023,5,40,48,96
1791,30/05/2014,3,0,0,0
1792,30/05/2016,2,6,8,0
1793,30/05/2018,2,0,0,0
1794,30/05/2019,5,0,0,0
1795,30/05/2022,1,0,0,0
1796,30/05/2023,1,0,0,0
1797,30/06/2015,1,0,0,0
1798,30/06/2016,3,0,0,0
1799,30/06/2017,2,0,0,0
1800,30/06/2021,1,0,0,0
1801,30/06/2022,3,0,0,0
1802,30/06/2023,4,6,0,0
1803,30/07/2014,1,0,0,0
1804,30/07/2015,1,0,36,0
1805,30/07/2018,2,0,0,0
1806,30/07/2020,2,16,0,0
1807,30/07/2021,2,0,30,0
1808,30/07/2022,2,10,0,0
1809,30/08/2018,2,0,0,0
1810,30/08/2019,7,0,0,0
1811,30/08/2021,4,0,0,0
1812,30/08/2022,3,0,0,0
1813,30/09/2014,1,0,0,0
1814,30/09/2015,1,0,0,0
1815,30/09/2018,1,0,0,0
1816,30/09/2019,1,0,0,0
1817,30/09/2020,5,0,0,0
1818,30/09/2021,6,0,0,0
1819,30/09/2022,6,24,0,0
1820,30/10/2014,5,16,117,30
1821,30/10/2018,3,0,0,0
1822,30/10/2020,4,14,0,0
1823,30/10/2022,1,0,0,0
1824,30/11/2018,6,0,12,0
1825,30/11/2020,5,0,0,0
1826,30/11/2021,4,0,0,0
1827,30/11/2022,7,0,0,0
1828,30/12/2014,6,0,0,0
1829,30/12/2016,1,0,0,0
1830,30/12/2018,1,0,0,0
1831,30/12/2020,1,270,150,60
1832,30/12/2021,4,144,50,80
1833,30/12/2022,6,144,25,20
1834,31/01/2019,2,0,0,0
1835,31/01/2021,1,0,0,0
1836,31/01/2023,3,45,0,90
1837,31/03/2015,8,12,6,0
1838,31/03/2016,1,0,4,0
1839,31/03/2020,3,0,0,0
1840,31/03/2021,1,0,0,0
1841,31/03/2022,4,0,0,0
1842,31/03/2023,12,267,186,174
1843,31/05/2017,1,2,0,0
1844,31/05/2019,4,180,0,0
1845,31/05/2021,1,0,0,0
1846,31/05/2022,1,30,0,0
1847,31/07/2014,4,0,0,0
1848,31/07/2017,8,0,0,0
1849,31/07/2018,2,0,0,0
1850,31/07/2020,2,15,0,0
1851,31/07/2023,9,232,24,40
1852,31/08/2019,1,9,0,0
1853,31/08/2021,2,0,0,0
1854,31/08/2022,2,0,0,0
1855,31/08/2023,2,6,0,0
1856,31/10/2014,7,39,80,32
1857,31/10/2017,1,0,0,0
1858,31/10/2018,2,0,0,0
1859,31/10/2020,1,40,96,32
1860,31/10/2022,4,0,0,0
1861,31/12/2014,11,10,0,0
1862,31/12/2019,4,0,0,0
1863,31/12/2021,7,24,0,0
1864,31/12/2022,2,0,0,0
